Refcode,Exp logS Average,MinAbsPartialCharge,NumRadicalElectrons,HeavyAtomMolWt,MaxAbsEStateIndex,MaxAbsPartialCharge,MaxEStateIndex,MinPartialCharge,ExactMolWt,MolWt,NumValenceElectrons,MinEStateIndex,MinAbsEStateIndex,MaxPartialCharge,BalabanJ,BertzCT,Chi0,Chi0n,Chi0v,Chi1,Chi1n,Chi1v,Chi2n,Chi2v,Chi3n,Chi3v,Chi4n,Chi4v,HallKierAlpha,Ipc,Kappa1,Kappa2,Kappa3,LabuteASA,PEOE_VSA1,PEOE_VSA10,PEOE_VSA11,PEOE_VSA12,PEOE_VSA13,PEOE_VSA14,PEOE_VSA2,PEOE_VSA3,PEOE_VSA4,PEOE_VSA5,PEOE_VSA6,PEOE_VSA7,PEOE_VSA8,PEOE_VSA9,SMR_VSA1,SMR_VSA10,SMR_VSA2,SMR_VSA3,SMR_VSA4,SMR_VSA5,SMR_VSA6,SMR_VSA7,SMR_VSA8,SMR_VSA9,SlogP_VSA1,SlogP_VSA10,SlogP_VSA11,SlogP_VSA12,SlogP_VSA2,SlogP_VSA3,SlogP_VSA4,SlogP_VSA5,SlogP_VSA6,SlogP_VSA7,SlogP_VSA8,SlogP_VSA9,TPSA,EState_VSA1,EState_VSA10,EState_VSA11,EState_VSA2,EState_VSA3,EState_VSA4,EState_VSA5,EState_VSA6,EState_VSA7,EState_VSA8,EState_VSA9,VSA_EState1,VSA_EState10,VSA_EState2,VSA_EState3,VSA_EState4,VSA_EState5,VSA_EState6,VSA_EState7,VSA_EState8,VSA_EState9,FractionCSP3,HeavyAtomCount,NHOHCount,NOCount,NumAliphaticCarbocycles,NumAliphaticHeterocycles,NumAliphaticRings,NumAromaticCarbocycles,NumAromaticHeterocycles,NumAromaticRings,NumHAcceptors,NumHDonors,NumHeteroatoms,NumRotatableBonds,NumSaturatedCarbocycles,NumSaturatedHeterocycles,NumSaturatedRings,RingCount,MolLogP,MolMR,fr_Al_COO,fr_Al_OH,fr_Al_OH_noTert,fr_ArN,fr_Ar_COO,fr_Ar_N,fr_Ar_NH,fr_Ar_OH,fr_COO,fr_COO2,fr_C_O,fr_C_O_noCOO,fr_C_S,fr_HOCCN,fr_Imine,fr_NH0,fr_NH1,fr_NH2,fr_N_O,fr_Ndealkylation1,fr_Ndealkylation2,fr_Nhpyrrole,fr_SH,fr_aldehyde,fr_alkyl_carbamate,fr_alkyl_halide,fr_allylic_oxid,fr_amide,fr_amidine,fr_aniline,fr_aryl_methyl,fr_azide,fr_azo,fr_barbitur,fr_benzene,fr_benzodiazepine,fr_bicyclic,fr_diazo,fr_dihydropyridine,fr_epoxide,fr_ester,fr_ether,fr_furan,fr_guanido,fr_halogen,fr_hdrzine,fr_hdrzone,fr_imidazole,fr_imide,fr_isocyan,fr_isothiocyan,fr_ketone,fr_ketone_Topliss,fr_lactam,fr_lactone,fr_methoxy,fr_morpholine,fr_nitrile,fr_nitro,fr_nitro_arom,fr_nitro_arom_nonortho,fr_nitroso,fr_oxazole,fr_oxime,fr_para_hydroxylation,fr_phenol,fr_phenol_noOrthoHbond,fr_phos_acid,fr_phos_ester,fr_piperdine,fr_piperzine,fr_priamide,fr_prisulfonamd,fr_pyridine,fr_quatN,fr_sulfide,fr_sulfonamd,fr_sulfone,fr_term_acetylene,fr_tetrazole,fr_thiazole,fr_thiocyan,fr_thiophene,fr_unbrch_alkane,fr_urea
ABEWAG,-1.91,0.035078372,0,40.021,4.25,0.387928346,4.25,-0.387928346,46.04186481,46.069,20,1.625,1.625,0.035078372,1.632993162,2.754887502,2.707106781,2.40824829,2.40824829,1.414213562,0.816496581,0.816496581,0.40824829,0.40824829,0,0,0,0,-0.04,2.754887502,2.96,1.96,1.96,20.21773837,4.736862954,0,0,0,0,0,0,0,0,0,0,0,14.21959508,0,4.736862954,0,0,0,0,0,14.21959508,0,0,0,0,0,0,0,14.21959508,4.736862954,0,0,0,0,0,0,9.23,0,0,0,0,0,0,0,14.21959508,0,4.736862954,0,0,0,0,0,0,0,0,0,0,7.5,1,3,0,1,0,0,0,0,0,0,1,0,1,0,0,0,0,0,0.2626,12.933,0,0,0,0,0,0,0,0,0,0,0,0,0,0,0,0,0,0,0,0,0,0,0,0,0,0,0,0,0,0,0,0,0,0,0,0,0,0,0,0,0,1,0,0,0,0,0,0,0,0,0,0,0,0,0,1,0,0,0,0,0,0,0,0,0,0,0,0,0,0,0,0,0,0,0,0,0,0,0,0,0,0,0,0,0
ABUMIT01,-1.36,0.059180344,0,142.972,5.576728395,0.082713195,5.576728395,-0.082713195,145.9690055,147.004,42,0.605709877,0.605709877,0.059180344,3.134861511,162.6383389,5.983127663,4.065330023,5.577187915,3.804530453,2.205314742,2.961243688,1.414108774,2.228509028,0.824372589,1.580281081,0.439294576,0.710761328,-0.2,72.49526583,5.928205128,2.3818409,1.145679012,58.03793557,0,0,0,0,0,0,0,0,0,0,35.33461392,12.13273414,0,10.04526663,0,23.20187978,0,0,0,0,0,34.3107349,0,0,0,0,0,23.20187978,0,0,0,0,24.26546827,10.04526663,0,0,0,0,0,0,0,10.04526663,0,0,12.13273414,12.13273414,0,23.20187978,0,11.15345679,0,0,0,0,0,0,0,8.402098765,0,8,0,0,0,0,0,1,0,1,0,0,2,0,0,0,0,1,2.9934,36.462,0,0,0,0,0,0,0,0,0,0,0,0,0,0,0,0,0,0,0,0,0,0,0,0,0,0,0,0,0,0,0,0,0,0,1,0,0,0,0,0,0,0,0,0,2,0,0,0,0,0,0,0,0,0,0,0,0,0,0,0,0,0,0,0,0,0,0,0,0,0,0,0,0,0,0,0,0,0,0,0,0,0,0,0,0
ACETAC07,-6.69,0.299684553,0,56.02,9,0.481433475,9,-0.481433475,60.02112937,60.052,24,-0.833333333,0.833333333,0.299684553,2.803039488,27.01955001,3.577350269,2.355461886,2.355461886,1.732050808,0.927730943,0.927730943,0.519018036,0.519018036,0,0,0,0,-0.53,3.245112498,3.47,0.8748583,1.156009256,24.05994899,5.106527395,0,0,0,5.969305288,0,4.794537184,0,0,0,0,0,6.9237372,0,9.901064579,5.969305288,0,0,0,6.9237372,0,0,0,0,0,0,0,0,11.07583268,4.794537184,0,6.9237372,0,0,0,0,37.3,5.969305288,0,0,0,0,6.9237372,0,0,0,0,9.901064579,0,0,0,0,0,0,0,0,0,16.66666667,0.5,4,1,2,0,0,0,0,0,0,1,1,2,0,0,0,0,0,0.0909,13.3098,1,0,0,0,0,0,0,0,1,1,1,0,0,0,0,0,0,0,0,0,0,0,0,0,0,0,0,0,0,0,0,0,0,0,0,0,0,0,0,0,0,0,0,0,0,0,0,0,0,0,0,0,0,0,0,0,0,0,0,0,0,0,0,0,0,0,0,0,0,0,0,0,0,0,0,0,0,0,0,0,0,0,0,0,0
ACSALA13,-9.94,0.339003787,0,172.095,10.61194822,0.477539527,10.61194822,-0.477539527,180.0422587,180.159,68,-1.114027778,0.016018519,0.339003787,3.043527355,343.2228677,9.844934983,6.981359544,6.981359544,6.109060905,3.617453648,3.617453648,2.394955678,2.394955678,1.371154665,1.371154665,0.887171219,0.887171219,-1.84,729.6807529,9.249605735,3.709251258,2.297415033,74.75705264,9.843390349,11.31296333,0,0,0,11.93861058,4.794537184,4.794537184,0,0,12.13273414,12.13273414,6.9237372,0,19.43246472,11.93861058,0,0,0,6.9237372,0,29.82891977,0,5.749511833,4.736862954,0,5.749511833,0,17.04513797,4.794537184,0,17.28172588,24.26546827,0,0,0,63.6,11.93861058,9.589074368,0,11.31296333,0,0,19.05647134,12.13273414,0,4.736862954,5.106527395,0,0,0,0,0,0,0,0,0,40.16666667,0.111111111,13,1,4,0,0,0,1,0,1,3,1,4,2,0,0,0,1,1.3101,44.7103,0,0,0,0,1,0,0,0,1,1,2,1,0,0,0,0,0,0,0,0,0,0,0,0,0,0,0,0,0,0,0,0,0,0,1,0,0,0,0,0,1,1,0,0,0,0,0,0,0,0,0,0,0,0,0,0,0,0,0,0,0,0,0,0,1,0,0,0,0,0,0,0,0,0,0,0,0,0,0,0,0,0,0,0,0
AXUCUS01,-2.94,0.302112778,0,80.042,9.821527778,0.46617189,9.821527778,-0.46617189,88.0524295,88.106,36,-0.210648148,0.210648148,0.302112778,2.83125711,49.509775,4.991563832,4.023603362,4.023603362,2.77005561,1.904030206,1.904030206,0.924594326,0.924594326,0.3476007,0.3476007,0.203263132,0.203263132,-0.53,14.83446686,5.47,2.693713647,3.47,37.1091447,4.736862954,0,0,0,0,5.969305288,4.794537184,0,0,0,0,6.9237372,6.9237372,6.606881965,9.531400138,5.969305288,0,0,0,13.8474744,6.606881965,0,0,0,0,0,0,0,12.57618725,9.531400138,0,13.8474744,0,0,0,0,26.3,0,4.794537184,0,5.969305288,6.606881965,0,6.9237372,6.9237372,0,4.736862954,0,0,0,0,0,0,0,0,0,0,17.66666667,0.75,6,0,2,0,0,0,0,0,0,2,0,2,1,0,0,0,0,0.5694,22.307,0,0,0,0,0,0,0,0,0,0,1,1,0,0,0,0,0,0,0,0,0,0,0,0,0,0,0,0,0,0,0,0,0,0,0,0,0,0,0,0,1,1,0,0,0,0,0,0,0,0,0,0,0,0,0,0,0,0,0,0,0,0,0,0,0,0,0,0,0,0,0,0,0,0,0,0,0,0,0,0,0,0,0,0,0
BAHSUY,-3.13,0.301847167,0,68.031,9.590277778,0.469198107,9.590277778,-0.469198107,74.03677943,74.079,30,-0.24537037,0.24537037,0.301847167,2.847378923,40.15772188,4.28445705,3.316496581,3.316496581,2.27005561,1.316496581,1.316496581,0.695705769,0.695705769,0.287457479,0.287457479,0,0,-0.53,9.651484454,4.47,1.758184438,3.47,30.74420259,4.736862954,0,0,0,0,5.969305288,4.794537184,0,0,0,0,0,6.9237372,7.109797541,9.531400138,5.969305288,0,0,0,6.9237372,7.109797541,0,0,0,0,0,0,0,13.07910283,9.531400138,0,6.9237372,0,0,0,0,26.3,0,4.794537184,0,5.969305288,0,0,14.03353474,0,0,4.736862954,0,0,0,0,0,0,0,0,0,0,16.16666667,0.666666667,5,0,2,0,0,0,0,0,0,2,0,2,0,0,0,0,0,0.1793,17.69,0,0,0,0,0,0,0,0,0,0,1,1,0,0,0,0,0,0,0,0,0,0,0,0,0,0,0,0,0,0,0,0,0,0,0,0,0,0,0,0,1,1,0,0,0,0,0,0,0,0,0,0,0,0,0,1,0,0,0,0,0,0,0,0,0,0,0,0,0,0,0,0,0,0,0,0,0,0,0,0,0,0,0,0,0
BENZEN15,-0.9,0.062268571,0,72.066,2,0.062268571,2,-0.062268571,78.04695019,78.114,30,2,2,-0.062268571,3,71.96100506,4.242640687,3.464101615,3.464101615,3,2,2,1.154700538,1.154700538,0.666666667,0.666666667,0.384900179,0.384900179,-0.78,34.39946188,3.411570881,1.60576944,0.58239926,37.43140312,0,0,0,0,0,0,0,0,0,0,36.39820241,0,0,0,0,0,0,0,0,0,0,36.39820241,0,0,0,0,0,0,0,0,0,0,36.39820241,0,0,0,0,0,0,0,0,0,0,0,0,36.39820241,0,0,0,0,0,0,0,0,0,0,0,12,0,6,0,0,0,0,0,1,0,1,0,0,0,0,0,0,0,1,1.6866,26.442,0,0,0,0,0,0,0,0,0,0,0,0,0,0,0,0,0,0,0,0,0,0,0,0,0,0,0,0,0,0,0,0,0,0,1,0,0,0,0,0,0,0,0,0,0,0,0,0,0,0,0,0,0,0,0,0,0,0,0,0,0,0,0,0,0,0,0,0,0,0,0,0,0,0,0,0,0,0,0,0,0,0,0,0,0
BUTCLT05,1.09,0.036211637,0,83.497,5.530092593,0.120213327,5.530092593,-0.120213327,92.03927797,92.569,32,-0.027777778,0.027777778,0.036211637,3.023715784,19.11941548,4.5,3.877964473,4.633893419,2,1.688982237,2.06694671,2.06694671,3.200840129,0,0,0,0,0.29,3.609640474,5.29,1.173674847,267.50522,38.1373436,0,0,0,0,0,0,0,0,0,11.60093989,0,20.7712116,4.874172291,0,0,11.60093989,0,0,0,25.64538389,0,0,0,0,0,0,0,11.60093989,4.874172291,0,0,20.7712116,0,0,0,0,0,0,0,0,4.874172291,0,0,0,0,20.7712116,0,11.60093989,0,5.530092593,0,0,0,0,0,0,0,5.831018519,1,5,0,0,0,0,0,0,0,0,0,0,1,0,0,0,0,0,2.0237,25.606,0,0,0,0,0,0,0,0,0,0,0,0,0,0,0,0,0,0,0,0,0,0,0,0,0,1,0,0,0,0,0,0,0,0,0,0,0,0,0,0,0,0,0,0,1,0,0,0,0,0,0,0,0,0,0,0,0,0,0,0,0,0,0,0,0,0,0,0,0,0,0,0,0,0,0,0,0,0,0,0,0,0,0,0,0
CACFIW,-4.59,0.037536012,0,98.084,4.173611111,0.258488086,4.173611111,-0.258488086,107.0734993,107.156,42,1.087962963,1.087962963,0.037536012,3.077660438,164.2466295,5.983127663,5.179264403,5.179264403,3.7876937,2.691230531,2.691230531,1.920349576,1.920349576,1.027560864,1.027560864,0.679335151,0.679335151,-0.85,64.0524865,5.28986014,1.948262116,1.059403088,49.38093533,0,0,0,0,0,0,4.983978521,0,0,0,6.066367068,25.98020854,11.38785599,0,0,0,0,4.983978521,0,13.8474744,0,29.5869572,0,0,0,0,0,0,4.983978521,0,13.8474744,11.38785599,18.19910121,0,0,0,12.89,0,0,0,0,0,11.38785599,0,0,32.0465756,4.983978521,0,0,0,0,0,0,0,0,0,0,16.33333333,0.285714286,8,0,1,0,0,0,0,1,1,1,0,1,0,0,0,0,1,1.69844,33.711,0,0,0,0,0,1,0,0,0,0,0,0,0,0,0,1,0,0,0,0,0,0,0,0,0,0,0,0,0,0,2,0,0,0,0,0,0,0,0,0,0,0,0,0,0,0,0,0,0,0,0,0,0,0,0,0,0,0,0,0,0,0,0,0,0,0,0,0,0,0,0,0,0,1,0,0,0,0,0,0,0,0,0,0,0
CEBGOF06,-9.51,0.337346052,0,144.085,10.82087113,0.507966179,10.82087113,-0.507966179,152.0473441,152.149,58,-0.398148148,0.136715797,0.337346052,2.895348036,250.5446101,8.267584714,6.073111253,6.073111253,5.236382105,3.111470584,3.111470584,2.038455648,2.038455648,1.288402378,1.288402378,0.715364027,0.715364027,-1.51,335.4793898,7.595374078,3.053138101,1.703179075,64.23058843,9.843390349,5.749511833,0,0,0,5.969305288,0,4.794537184,0,0,0,24.26546827,0,12.67324903,14.63792753,5.969305288,0,0,0,0,7.109797541,29.82891977,0,5.749511833,0,0,5.749511833,0,18.18563022,4.736862954,0,10.35798868,24.26546827,0,0,0,46.53,5.969305288,4.794537184,0,5.749511833,5.563451492,0,31.37526582,0,0,4.736862954,5.106527395,0,0,0,0,0,0,0,0,0,31.5,0.125,11,1,3,0,0,0,1,0,1,3,1,3,1,0,0,0,1,1.1788,39.4463,0,0,0,0,0,0,0,1,0,0,1,1,0,0,0,0,0,0,0,0,0,0,0,0,0,0,0,0,0,0,0,0,0,0,1,0,0,0,0,0,1,1,0,0,0,0,0,0,0,0,0,0,0,0,0,1,0,0,0,0,0,0,0,0,0,1,1,0,0,0,0,0,0,0,0,0,0,0,0,0,0,0,0,0,0
CEZSEF,-2.21,0.059425208,0,76.054,4.9375,0.379103597,4.9375,-0.379103597,88.088815,88.15,38,0.041666667,0.041666667,0.059425208,3.168489873,33.69332843,5.207106781,4.90824829,4.90824829,2.560660172,2.112372436,2.112372436,2.316496581,2.316496581,0.612372436,0.612372436,0,0,-0.04,12.16479704,5.96,1.605659929,3.96,39.31256471,4.736862954,0,0,0,0,0,0,0,0,0,0,20.7712116,7.109797541,5.601050811,4.736862954,0,0,0,0,26.37226241,7.109797541,0,0,0,0,0,0,0,12.71084835,4.736862954,0,20.7712116,0,0,0,0,9.23,0,0,0,5.601050811,0,0,0,7.109797541,20.7712116,0,4.736862954,0,0,0,0,0,0,0,0,0,12.75,1,6,0,1,0,0,0,0,0,0,1,0,1,0,0,0,0,0,1.4313,26.762,0,0,0,0,0,0,0,0,0,0,0,0,0,0,0,0,0,0,0,0,0,0,0,0,0,0,0,0,0,0,0,0,0,0,0,0,0,0,0,0,0,1,0,0,0,0,0,0,0,0,0,0,0,0,0,1,0,0,0,0,0,0,0,0,0,0,0,0,0,0,0,0,0,0,0,0,0,0,0,0,0,0,0,0,0
CLANIC05,-5.9,0.040699479,0,121.526,5.556111111,0.398727447,5.556111111,-0.398727447,127.0188769,127.574,42,0.721481481,0.721481481,0.040699479,3.032455532,147.3883389,5.983127663,4.264715819,5.020644765,3.7876937,2.299024576,2.676989049,1.551551224,1.987987004,0.870005094,1.121981409,0.462780325,0.588768482,-0.69,70.79892376,5.446798906,2.052669548,1.138019489,53.07456004,5.733667477,0,0,0,0,0,0,0,0,0,11.60093989,24.26546827,10.71001959,0,0,17.28832616,0,0,0,0,5.733667477,29.28810159,0,0,5.733667477,5.687386275,0,11.60093989,0,0,0,0,24.26546827,5.022633314,0,0,26.02,0,0,0,0,0,10.71001959,0,24.26546827,0,0,17.33460737,0,5.556111111,0,0,0,0,0,0,0,13.88833333,0,8,2,1,0,0,0,1,0,1,1,1,2,0,0,0,0,1,1.9222,35.8644,0,0,0,1,0,0,0,0,0,0,0,0,0,0,0,0,0,1,0,0,0,0,0,0,0,0,0,0,0,1,0,0,0,0,1,0,0,0,0,0,0,0,0,0,1,0,0,0,0,0,0,0,0,0,0,0,0,0,0,0,0,0,0,0,0,0,0,0,0,0,0,0,0,0,0,0,0,0,0,0,0,0,0,0,0
CLPHOL12,-7.03,0.11517976,0,123.518,8.698024691,0.507965186,8.698024691,-0.507965186,128.0028925,128.558,42,0.244814815,0.244814815,0.11517976,3.032455532,147.3883389,5.983127663,4.134579145,4.890508091,3.7876937,2.233956239,2.611920712,1.47641678,1.91285256,0.826626202,1.078602518,0.441090879,0.567079037,-0.69,70.79892376,5.446798906,2.052669548,1.138019489,52.5289031,5.106527395,5.749511833,0,0,0,0,0,0,0,0,11.60093989,24.26546827,5.022633314,0,5.106527395,11.60093989,0,0,0,0,0,29.28810159,0,5.749511833,0,0,5.749511833,11.60093989,5.106527395,0,0,0,24.26546827,5.022633314,0,0,20.23,0,0,0,5.749511833,5.022633314,0,0,24.26546827,0,0,16.70746729,0,5.500555556,0,0,0,0,0,0,0,15.94388889,0,8,1,1,0,0,0,1,0,1,1,1,2,0,0,0,0,1,2.0456,33.1168,0,0,0,0,0,0,0,1,0,0,0,0,0,0,0,0,0,0,0,0,0,0,0,0,0,0,0,0,0,0,0,0,0,0,1,0,0,0,0,0,0,0,0,0,1,0,0,0,0,0,0,0,0,0,0,0,0,0,0,0,0,0,0,0,0,1,1,0,0,0,0,0,0,0,0,0,0,0,0,0,0,0,0,0,0
CUKCIU,-5.06,0.070114395,0,80.042,4.944444444,0.376667636,4.944444444,-0.376667636,88.0524295,88.106,36,0.777777778,0.777777778,0.070114395,2,21.01955001,4.242640687,3.644923706,3.644923706,3,2.154700538,2.154700538,1.224744871,1.224744871,0.744016936,0.744016936,0.439826406,0.439826406,-0.08,34.39946188,4.088918919,2.157216947,0.953692476,37.05533668,9.473725908,0,0,0,0,0,0,0,0,0,0,0,0,26.42752786,9.473725908,0,0,0,0,0,26.42752786,0,0,0,0,0,0,0,26.42752786,9.473725908,0,0,0,0,0,0,18.46,0,0,0,0,0,26.42752786,0,0,0,0,9.473725908,0,0,0,0,0,0,0,0,0,13,1,6,0,2,0,1,1,0,0,0,2,0,2,0,0,1,1,1,0.0332,21.638,0,0,0,0,0,0,0,0,0,0,0,0,0,0,0,0,0,0,0,0,0,0,0,0,0,0,0,0,0,0,0,0,0,0,0,0,0,0,0,0,0,2,0,0,0,0,0,0,0,0,0,0,0,0,0,0,0,0,0,0,0,0,0,0,0,0,0,0,0,0,0,0,0,0,0,0,0,0,0,0,0,0,0,0,0
CYCHEX05,1.23,0.053305973,0,72.066,1.5,0.053305973,1.5,-0.053305973,84.09390038,84.162,36,1.5,1.5,-0.053305973,2,15.509775,4.242640687,4.242640687,4.242640687,3,3,3,2.121320344,2.121320344,1.5,1.5,1.060660172,1.060660172,0,34.39946188,4.166666667,2.222222222,1,39.55813045,0,0,0,0,0,0,0,0,0,0,38.52492974,0,0,0,0,0,0,0,0,38.52492974,0,0,0,0,0,0,0,0,0,0,0,38.52492974,0,0,0,0,0,0,0,0,0,0,0,38.52492974,0,0,0,0,0,0,0,0,0,0,0,0,0,9,1,6,0,0,1,0,1,0,0,0,0,0,0,0,1,0,1,1,2.3406,27.702,0,0,0,0,0,0,0,0,0,0,0,0,0,0,0,0,0,0,0,0,0,0,0,0,0,0,0,0,0,0,0,0,0,0,0,0,0,0,0,0,0,0,0,0,0,0,0,0,0,0,0,0,0,0,0,0,0,0,0,0,0,0,0,0,0,0,0,0,0,0,0,0,0,0,0,0,0,0,0,0,0,0,0,0,0
DCLMET12,-1.31,0.09670639,0,82.917,4.763888889,0.10913233,4.763888889,-0.10913233,83.95335542,84.933,20,0.194444444,0.194444444,0.09670639,1.632993162,2.754887502,2.707106781,1.463035727,2.974893619,1.414213562,0.534522484,1.603567451,0.101015254,0.90913729,0,0,0,0,0.58,2.754887502,3.58,2.58,2.58,29.34578348,0,0,0,0,0,0,0,0,0,23.20187978,0,0,0,5.339185267,0,23.20187978,0,0,0,0,5.339185267,0,0,0,0,0,0,23.20187978,5.339185267,0,0,0,0,0,0,0,0,0,0,0,5.339185267,0,0,0,0,0,0,23.20187978,0,9.527777778,0,0,0,0,0,0,0,0.194444444,1,3,0,0,0,0,0,0,0,0,0,0,2,0,0,0,0,0,1.4215,16.573,0,0,0,0,0,0,0,0,0,0,0,0,0,0,0,0,0,0,0,0,0,0,0,0,0,2,0,0,0,0,0,0,0,0,0,0,0,0,0,0,0,0,0,0,2,0,0,0,0,0,0,0,0,0,0,0,0,0,0,0,0,0,0,0,0,0,0,0,0,0,0,0,0,0,0,0,0,0,0,0,0,0,0,0,0
DIMETH10,-2.49,0.051622523,0,265.819,2.275,0.074763172,2.275,-0.074763172,267.8245961,267.835,20,1.19,1.19,0.051622523,1.632993162,2.754887502,2.707106781,1.463035727,5.77803231,1.414213562,0.534522484,3.585685828,0.101015254,4.54568645,0,0,0,0,1.46,2.754887502,4.46,3.46,3.46,47.26292727,0,0,0,0,0,0,0,0,0,0,45.18174125,0,0,2.434283182,0,45.18174125,0,0,0,0,2.434283182,0,0,0,0,0,0,45.18174125,2.434283182,0,0,0,0,0,0,0,0,0,0,0,0,0,0,2.434283182,0,0,45.18174125,0,0,0,0,0,0,0,0,0,1.19,0,1,3,0,0,0,0,0,0,0,0,0,0,2,0,0,0,0,0,1.8139,32.907,0,0,0,0,0,0,0,0,0,0,0,0,0,0,0,0,0,0,0,0,0,0,0,0,0,2,0,0,0,0,0,0,0,0,0,0,0,0,0,0,0,0,0,0,2,0,0,0,0,0,0,0,0,0,0,0,0,0,0,0,0,0,0,0,0,0,0,0,0,0,0,0,0,0,0,0,0,0,0,0,0,0,0,0,0
DMETSO04,-9.28,0.014804214,0,72.088,9.555555556,0.260157963,9.555555556,-0.260157963,78.01393581,78.136,26,-0.611111111,0.611111111,0.014804214,2.803039488,29.01955001,3.577350269,2.816496581,3.632993162,1.732050808,0.983163248,2.949489743,0.741581624,2.224744871,0,0,0,0,0.15,3.245112498,4.15,1.467460317,126.3722222,28.47844735,0,0,0,0,0,0,4.208898492,0,0,0,0,0,23.31110741,0,4.208898492,10.79956904,0,0,0,0,12.51153837,0,0,0,0,0,0,0,16.72043686,10.79956904,0,0,0,0,0,0,17.07,10.79956904,4.208898492,0,0,0,0,0,12.51153837,0,0,0,0,-0.611111111,0,0,0,0,0,0,9.555555556,3.277777778,1,4,0,1,0,0,0,0,0,0,1,0,2,0,0,0,0,0,-0.0053,19.9904,0,0,0,0,0,0,0,0,0,0,0,0,0,0,0,0,0,0,0,0,0,0,0,0,0,0,0,0,0,0,0,0,0,0,0,0,0,0,0,0,0,0,0,0,0,0,0,0,0,0,0,0,0,0,0,0,0,0,0,0,0,0,0,0,0,0,0,0,0,0,0,0,0,0,0,0,0,0,0,0,0,0,0,0,0
DUCKOB04,2.1,0.05643437,0,48.044,2.180555556,0.065392443,2.180555556,-0.065392443,58.07825032,58.124,26,1.319444444,1.319444444,-0.05643437,1.974744871,2,3.414213562,3.414213562,3.414213562,1.914213562,1.914213562,1.914213562,1,1,0.5,0.5,0,0,0,6.854752972,4,3,2,27.83407737,0,0,0,0,0,0,0,0,0,0,26.68911765,0,0,0,0,0,0,0,0,26.68911765,0,0,0,0,0,0,0,0,0,0,0,26.68911765,0,0,0,0,0,0,0,0,0,0,0,12.84164325,0,0,13.8474744,0,0,0,0,0,0,0,0,0,0,7,1,4,0,0,0,0,0,0,0,0,0,0,0,1,0,0,0,0,1.8064,20.582,0,0,0,0,0,0,0,0,0,0,0,0,0,0,0,0,0,0,0,0,0,0,0,0,0,0,0,0,0,0,0,0,0,0,0,0,0,0,0,0,0,0,0,0,0,0,0,0,0,0,0,0,0,0,0,0,0,0,0,0,0,0,0,0,0,0,0,0,0,0,0,0,0,0,0,0,0,0,0,0,0,0,0,0,0
EDAVUA,-5.72,0.070143484,0,122.106,4.181203704,0.256266728,4.181203704,-0.256266728,129.0578492,129.162,48,1.060185185,1.060185185,0.070143484,2.888051602,275.7051383,6.811554788,5.48866548,5.48866548,4.966326495,3.264497758,3.264497758,2.196103125,2.196103125,1.512225264,1.512225264,1.016070174,1.016070174,-1.37,348.5704618,5.417604503,2.102543035,0.75988141,59.33271563,0,0,0,0,0,0,4.983978521,0,0,0,24.26546827,12.13273414,11.58306779,5.516700718,0,10.90292493,0,4.983978521,0,0,0,42.59504598,0,0,0,0,0,0,4.983978521,0,0,0,42.59504598,0,10.90292493,0,12.89,0,0,0,0,0,5.516700718,5.386224214,0,30.46231185,17.11671266,0,0,0,0,0,0,0,0,0,0,20.33333333,0,10,0,1,0,0,0,1,1,2,1,0,1,0,0,0,0,2,2.2348,41.743,0,0,0,0,0,1,0,0,0,0,0,0,0,0,0,1,0,0,0,0,0,0,0,0,0,0,0,0,0,0,0,0,0,0,1,0,1,0,0,0,0,0,0,0,0,0,0,0,0,0,0,0,0,0,0,0,0,0,0,0,0,0,0,0,1,0,0,0,0,0,0,0,0,1,0,0,0,0,0,0,0,0,0,0,0
EFUMAU01,-5.48,0.004844704,0,62.051,3.222222222,0.316730921,3.222222222,-0.316730921,71.07349929,71.123,30,1.25,1.25,-0.004844704,2.083333333,15.21928095,3.535533906,3.328427125,3.328427125,2.5,2.207106781,2.207106781,1.457106781,1.457106781,0.957106781,0.957106781,0.625,0.625,-0.04,22.88643539,3.161612903,1.410312175,0.618363684,32.3781084,5.316788604,0,0,0,0,0,0,0,0,0,0,25.93115606,0,0,0,0,0,5.316788604,0,12.84164325,13.08951281,0,0,0,5.316788604,0,0,0,13.08951281,0,0,12.84164325,0,0,0,0,12.03,0,0,0,0,0,0,25.93115606,0,0,5.316788604,0,0,0,0,0,0,0,0,0,0,8.5,1,5,1,1,0,1,1,0,0,0,1,1,1,0,0,1,1,1,0.3698,22.1037,0,0,0,0,0,0,0,0,0,0,0,0,0,0,0,0,1,0,0,0,0,0,0,0,0,0,0,0,0,0,0,0,0,0,0,0,0,0,0,0,0,0,0,0,0,0,0,0,0,0,0,0,0,0,0,0,0,0,0,0,0,0,0,0,0,0,0,0,0,0,0,0,0,0,0,0,0,0,0,0,0,0,0,0,0
FADCIX,-4.72,0.037236297,0,98.084,4.078703704,0.261334841,4.078703704,-0.261334841,107.0734993,107.156,42,1.079259259,1.079259259,0.037236297,3.032455532,143.2466295,5.983127663,5.179264403,5.179264403,3.7876937,2.681164425,2.681164425,1.976930536,1.976930536,1.059247121,1.059247121,0.541748329,0.541748329,-0.85,70.79892376,5.28986014,1.948262116,1.059403088,49.38093533,0,0,0,0,0,0,4.983978521,0,0,0,6.066367068,25.47729296,11.89077157,0,0,0,0,4.983978521,0,13.8474744,0,29.5869572,0,0,0,0,0,0,4.983978521,0,13.8474744,11.25737949,18.32957771,0,0,0,12.89,0,0,0,0,0,5.693927995,5.563451492,0,26.11068504,11.05034559,0,0,0,0,0,0,0,0,0,0,16.33333333,0.285714286,8,0,1,0,0,0,0,1,1,1,0,1,0,0,0,0,1,1.69844,33.711,0,0,0,0,0,1,0,0,0,0,0,0,0,0,0,1,0,0,0,0,0,0,0,0,0,0,0,0,0,0,2,0,0,0,0,0,0,0,0,0,0,0,0,0,0,0,0,0,0,0,0,0,0,0,0,0,0,0,0,0,0,0,0,0,0,0,0,0,0,0,0,0,0,1,0,0,0,0,0,0,0,0,0,0,0
FOMWAG,-9.61,0.411971662,0,206.136,11.1535308,0.483302334,11.1535308,-0.483302334,221.1051933,221.256,86,-0.484531368,0.231659226,0.411971662,2.298082754,426.2720914,11.75914855,9.66390246,9.66390246,7.515968531,5.221744443,5.221744443,4.422447704,4.422447704,2.461758846,2.461758846,1.818627366,1.818627366,-1.71,4481.112002,10.79610799,3.700750186,1.957374255,94.5536994,14.79051451,5.601050811,11.49902367,0,0,6.093240071,0,4.794537184,0,0,12.13273414,19.91384147,19.0319451,0,14.26826309,6.093240071,0,5.316788604,0,25.86934683,7.047671983,23.7625527,0,11.49902367,14.79051451,4.794537184,11.49902367,0,18.74196286,6.420821623,0,19.41092589,18.19910121,0,0,0,47.56,6.093240071,4.794537184,0,5.601050811,11.49902367,11.98427311,7.047671983,6.066367068,25.98020854,5.316788604,9.473725908,0,0,0,0,0,0,0,0,0,37.91666667,0.416666667,16,1,4,0,1,1,1,0,1,3,1,4,1,0,0,0,2,2.1183,59.9367,0,0,0,0,0,0,0,0,0,0,1,1,0,0,0,0,1,0,0,0,0,0,0,0,0,0,0,1,0,0,0,0,0,0,1,0,1,0,0,0,0,2,0,0,0,0,0,0,0,0,0,0,0,0,0,0,0,0,0,0,0,0,0,0,1,0,0,0,0,0,0,0,0,0,0,0,0,0,0,0,0,0,0,0,0
HEPTAN02,2.67,0.053326092,0,84.077,2.245694444,0.065382383,2.245694444,-0.065382383,100.1252005,100.205,44,1.361111111,1.361111111,-0.053326092,2.447472888,19.21928095,5.535533906,5.535533906,5.535533906,3.414213562,3.414213562,3.414213562,2.060660172,2.060660172,1.207106781,1.207106781,0.676776695,0.676776695,0,35.50960993,7,6,6,46.92890371,0,0,0,0,0,0,0,0,0,0,45.95158251,0,0,0,0,0,0,0,0,45.95158251,0,0,0,0,0,0,0,0,0,0,0,45.95158251,0,0,0,0,0,0,0,0,0,0,0,32.10410811,0,0,13.8474744,0,0,0,0,0,0,0,0,0,0,11.5,1,7,0,0,0,0,0,0,0,0,0,0,0,4,0,0,0,0,2.9767,34.433,0,0,0,0,0,0,0,0,0,0,0,0,0,0,0,0,0,0,0,0,0,0,0,0,0,0,0,0,0,0,0,0,0,0,0,0,0,0,0,0,0,0,0,0,0,0,0,0,0,0,0,0,0,0,0,0,0,0,0,0,0,0,0,0,0,0,0,0,0,0,0,0,0,0,0,0,0,0,0,0,0,0,0,2,0
IDIGOR,-4.84,0.02967469,0,98.084,3.983796296,0.264181802,3.983796296,-0.264181802,107.0734993,107.156,42,1.226851852,1.226851852,0.02967469,3.077660438,164.2466295,5.983127663,5.179264403,5.179264403,3.7876937,2.671098318,2.671098318,2.039641527,2.039641527,1.011683088,1.011683088,0.70605765,0.70605765,-0.85,64.0524865,5.28986014,1.948262116,1.059403088,49.38093533,0,0,0,0,0,0,4.983978521,0,0,0,6.066367068,24.97437738,12.39368714,0,0,0,0,4.983978521,0,13.8474744,0,29.5869572,0,0,0,0,0,0,4.983978521,0,13.8474744,11.12690298,18.46005421,0,0,0,12.89,0,0,0,0,0,0,11.12690298,0,26.24116154,11.05034559,0,0,0,0,0,0,0,0,0,0,16.33333333,0.285714286,8,0,1,0,0,0,0,1,1,1,0,1,0,0,0,0,1,1.69844,33.711,0,0,0,0,0,1,0,0,0,0,0,0,0,0,0,1,0,0,0,0,0,0,0,0,0,0,0,0,0,0,2,0,0,0,0,0,0,0,0,0,0,0,0,0,0,0,0,0,0,0,0,0,0,0,0,0,0,0,0,0,0,0,0,0,0,0,0,0,0,0,0,0,0,1,0,0,0,0,0,0,0,0,0,0,0
IGEHEI,-4.91,0.063491408,0,121.526,5.58367284,0.397522965,5.58367284,-0.397522965,127.0188769,127.574,42,0.618055556,0.618055556,0.063491408,3.134861511,164.6383389,5.983127663,4.264715819,5.020644765,3.804530453,2.30500764,2.682972113,1.521512945,1.928713071,0.905222603,1.249428651,0.475095967,0.610829342,-0.69,72.49526583,5.446798906,2.052669548,0.927965288,53.07456004,5.733667477,0,0,0,0,0,0,0,0,0,23.73367403,12.13273414,0,10.71001959,0,17.28832616,0,0,0,0,5.733667477,29.28810159,0,0,5.733667477,5.687386275,0,11.60093989,0,0,0,0,24.26546827,5.022633314,0,0,26.02,0,0,0,0,10.71001959,0,0,12.13273414,12.13273414,0,17.33460737,0,5.58367284,0,0,0,0,0,0,0,13.8607716,0,8,2,1,0,0,0,1,0,1,1,1,2,0,0,0,0,1,1.9222,35.8644,0,0,0,1,0,0,0,0,0,0,0,0,0,0,0,0,0,1,0,0,0,0,0,0,0,0,0,0,0,1,0,0,0,0,1,0,0,0,0,0,0,0,0,0,1,0,0,0,0,0,0,0,0,0,0,0,0,0,0,0,0,0,0,0,1,0,0,0,0,0,0,0,0,0,0,0,0,0,0,0,0,0,0,0,0
IHERES,-0.77,0.162895094,0,66.462,10.05709877,0.233647252,10.05709877,-0.233647252,67.98290596,68.478,20,-0.777777778,0.777777778,0.162895094,1.632993162,4.754887502,2.707106781,1.463035727,2.218964673,1.414213562,0.534522484,1.069044968,0.101015254,0.303045763,0,0,0,0,0.22,2.754887502,3.22,2.22,2.22,23.20805266,0,0,6.133772794,0,0,0,0,4.390415048,0,0,11.60093989,0,0,0,4.390415048,11.60093989,0,0,0,0,6.133772794,0,0,0,0,4.390415048,0,11.60093989,6.133772794,0,0,0,0,0,0,0,0,6.133772794,4.390415048,0,0,0,0,0,0,0,11.60093989,0,0,4.331790123,0,0,0,0,0,0,10.05709877,-0.777777778,1,3,0,0,0,0,0,0,0,0,0,0,2,0,0,0,0,0,1.1522,11.828,0,0,0,0,0,0,0,0,0,0,0,0,0,0,0,0,0,0,0,0,0,0,0,0,0,2,0,0,0,0,0,0,0,0,0,0,0,0,0,0,0,0,0,0,2,0,0,0,0,0,0,0,0,0,0,0,0,0,0,0,0,0,0,0,0,0,0,0,0,0,0,0,0,0,0,0,0,0,0,0,0,0,0,0,0
ISENID,-6.21,0.302839555,0,104.064,9.87412415,0.48123039,9.87412415,-0.48123039,116.0837296,116.16,48,-0.681990741,0.327222222,0.302839555,2.822354554,68.92878689,6.405777394,5.183889011,5.183889011,3.77005561,2.988391115,2.988391115,1.850845324,1.850845324,0.994195557,0.994195557,0.526225725,0.526225725,-0.53,48.27551104,7.47,4.624559505,5.47,49.51971745,5.106527395,0,0,0,0,5.969305288,4.794537184,0,0,0,19.76538045,6.420821623,6.420821623,0,9.901064579,5.969305288,0,0,0,32.60702369,0,0,0,0,0,0,0,0,11.07583268,4.794537184,0,32.60702369,0,0,0,0,37.3,5.969305288,4.794537184,0,0,6.420821623,19.26246487,0,0,0,6.9237372,5.106527395,0,0,0,0,0,0,0,0,0,22.66666667,0.833333333,8,1,2,0,0,0,0,0,0,1,1,2,4,0,0,0,0,1.6513,31.7778,1,0,0,0,0,0,0,0,1,1,1,0,0,0,0,0,0,0,0,0,0,0,0,0,0,0,0,0,0,0,0,0,0,0,0,0,0,0,0,0,0,0,0,0,0,0,0,0,0,0,0,0,0,0,0,0,0,0,0,0,0,0,0,0,0,0,0,0,0,0,0,0,0,0,0,0,0,0,0,0,0,0,0,1,0
ITIZOA,-7.4,0.007722976,0,76.058,3.222222222,0.314205753,3.222222222,-0.314205753,86.08439832,86.138,36,1.138888889,1.138888889,0.007722976,2,21.01955001,4.242640687,3.828427125,3.828427125,3,2.414213562,2.414213562,1.5,1.5,0.957106781,0.957106781,0.603553391,0.603553391,-0.08,34.39946188,4.088918919,2.157216947,0.953692476,37.92797058,10.63357721,0,0,0,0,0,0,0,0,0,0,0,26.17902562,0,0,0,0,10.63357721,0,0,26.17902562,0,0,0,10.63357721,0,0,0,26.17902562,0,0,0,0,0,0,0,24.06,0,0,0,0,0,26.17902562,0,0,0,10.63357721,0,0,0,0,0,0,0,0,0,0,11,1,6,2,2,0,1,1,0,0,0,2,2,2,0,0,1,1,1,-0.8208,25.7394,0,0,0,0,0,0,0,0,0,0,0,0,0,0,0,0,2,0,0,0,0,0,0,0,0,0,0,0,0,0,0,0,0,0,0,0,0,0,0,0,0,0,0,0,0,0,0,0,0,0,0,0,0,0,0,0,0,0,0,0,0,0,0,0,0,0,0,0,0,0,1,0,0,0,0,0,0,0,0,0,0,0,0,0,0
ITIZUG,-7.17,0.059108072,0,78.05,5.006944444,0.378812514,5.006944444,-0.378812514,87.06841391,87.122,36,0.888888889,0.888888889,0.059108072,2,23.01955001,4.242640687,3.736675415,3.736675415,3,2.28445705,2.28445705,1.362372436,1.362372436,0.84635267,0.84635267,0.515737207,0.515737207,-0.08,34.39946188,4.088918919,2.157216947,0.953692476,37.49165363,10.05365156,0,0,0,0,0,0,0,0,0,0,0,13.08951281,13.21376393,4.736862954,0,0,5.316788604,0,0,26.30327674,0,0,0,5.316788604,0,0,0,26.30327674,4.736862954,0,0,0,0,0,0,21.26,0,0,0,0,0,26.30327674,0,0,0,5.316788604,4.736862954,0,0,0,0,0,0,0,0,0,12,1,6,1,2,0,1,1,0,0,0,2,1,2,0,0,1,1,1,-0.3938,23.6887,0,0,0,0,0,0,0,0,0,0,0,0,0,0,0,0,1,0,0,0,0,0,0,0,0,0,0,0,0,0,0,0,0,0,0,0,0,0,0,0,0,1,0,0,0,0,0,0,0,0,0,0,0,0,0,0,1,0,0,0,0,0,0,0,0,0,0,0,0,0,0,0,0,0,0,0,0,0,0,0,0,0,0,0,0
ITOBAU,-5.11,0.00489114,0,74.062,3.284722222,0.316732581,3.284722222,-0.316732581,85.08914935,85.15,36,1.25,1.25,-0.00489114,2,19.40990953,4.242640687,4.035533906,4.035533906,3,2.707106781,2.707106781,1.810660172,1.810660172,1.207106781,1.207106781,0.801776695,0.801776695,-0.04,34.39946188,4.127785235,2.189674339,0.976756002,38.74305052,5.316788604,0,0,0,0,0,0,0,0,0,6.420821623,25.93115606,0,0,0,0,0,5.316788604,0,19.26246487,13.08951281,0,0,0,5.316788604,0,0,0,13.08951281,0,0,19.26246487,0,0,0,0,12.03,0,0,0,0,0,0,32.35197768,0,0,5.316788604,0,0,0,0,0,0,0,0,0,0,10,1,6,1,1,0,1,1,0,0,0,1,1,1,0,0,1,1,1,0.7599,26.7207,0,0,0,0,0,0,0,0,0,0,0,0,0,0,0,0,1,0,0,0,0,0,0,0,0,0,0,0,0,0,0,0,0,0,0,0,0,0,0,0,0,0,0,0,0,0,0,0,0,0,0,0,0,0,0,0,0,0,0,0,0,0,0,0,0,0,0,0,0,1,0,0,0,0,0,0,0,0,0,0,0,0,0,0,0
JAYDUI,2,0.059038364,0,36.033,2.125,0.065645441,2.125,-0.065645441,44.06260026,44.097,20,1.25,1.25,-0.059038364,1.632993162,0,2.707106781,2.707106781,2.707106781,1.414213562,1.414213562,1.414213562,0.707106781,0.707106781,0,0,0,0,0,2.754887502,3,2,0,21.46913526,0,0,0,0,0,0,0,0,0,0,20.26829602,0,0,0,0,0,0,0,0,20.26829602,0,0,0,0,0,0,0,0,0,0,0,20.26829602,0,0,0,0,0,0,0,0,0,0,0,6.420821623,0,0,13.8474744,0,0,0,0,0,0,0,0,0,0,5.5,1,3,0,0,0,0,0,0,0,0,0,0,0,0,0,0,0,0,1.4163,15.965,0,0,0,0,0,0,0,0,0,0,0,0,0,0,0,0,0,0,0,0,0,0,0,0,0,0,0,0,0,0,0,0,0,0,0,0,0,0,0,0,0,0,0,0,0,0,0,0,0,0,0,0,0,0,0,0,0,0,0,0,0,0,0,0,0,0,0,0,0,0,0,0,0,0,0,0,0,0,0,0,0,0,0,0,0
MEGTAU,1.59,0.044280073,0,72.066,2.340277778,0.062509723,2.340277778,-0.062509723,84.09390038,84.162,36,1.046296296,1.046296296,-0.044280073,2.18410557,33.30296891,4.405777394,4.405777394,4.405777394,2.89384685,2.89384685,2.89384685,2.389628766,2.389628766,1.64384685,1.64384685,1.129936127,1.129936127,0,33.54887502,4.166666667,1.632653061,0.734693878,39.55813045,0,0,0,0,0,0,0,0,0,0,32.60702369,5.917906046,0,0,0,0,0,0,5.917906046,32.60702369,0,0,0,0,0,0,0,0,0,0,5.917906046,32.60702369,0,0,0,0,0,0,0,0,0,0,5.917906046,25.68328649,0,0,6.9237372,0,0,0,0,0,0,0,0,0,0,9.333333333,1,6,0,0,1,0,1,0,0,0,0,0,0,0,1,0,1,1,2.1965,27.632,0,0,0,0,0,0,0,0,0,0,0,0,0,0,0,0,0,0,0,0,0,0,0,0,0,0,0,0,0,0,0,0,0,0,0,0,0,0,0,0,0,0,0,0,0,0,0,0,0,0,0,0,0,0,0,0,0,0,0,0,0,0,0,0,0,0,0,0,0,0,0,0,0,0,0,0,0,0,0,0,0,0,0,0,0
METHOL02,-5.1,0.031940684,0,28.01,7,0.399630244,7,-0.399630244,32.02621475,32.042,14,1,1,0.031940684,1,2,2,1.447213596,1.447213596,1,0.447213596,0.447213596,0,0,0,0,0,0,-0.04,2,1.96,0.96,-27.04,13.53348478,5.106527395,0,0,0,0,0,0,0,0,0,0,0,7.109797541,0,5.106527395,0,0,0,0,0,7.109797541,0,0,0,0,0,0,0,12.21632494,0,0,0,0,0,0,0,20.23,0,0,0,0,0,7.109797541,0,0,0,0,5.106527395,0,0,0,0,0,0,0,0,0,8,1,2,1,1,0,0,0,0,0,0,1,1,1,0,0,0,0,0,-0.3915,8.1428,0,1,1,0,0,0,0,0,0,0,0,0,0,0,0,0,0,0,0,0,0,0,0,0,0,0,0,0,0,0,0,0,0,0,0,0,0,0,0,0,0,0,0,0,0,0,0,0,0,0,0,0,0,0,0,0,0,0,0,0,0,0,0,0,0,0,0,0,0,0,0,0,0,0,0,0,0,0,0,0,0,0,0,0,0
MEYFIH,-0.79,0.030744083,0,96.088,2.162037037,0.062248742,2.162037037,-0.062248742,106.0782503,106.168,42,1.139722222,1.139722222,-0.030744083,2.832085835,141.3842989,5.819990956,5.093858127,5.093858127,3.931851653,2.971343774,2.971343774,1.83915195,1.83915195,1.251072953,1.251072953,0.713712832,0.713712832,-0.78,91.36757728,5.358504155,2.508347808,1.093537203,50.16128735,0,0,0,0,0,0,0,0,0,0,37.25557254,11.98427311,0,0,0,0,0,0,0,13.34455882,0,35.89528683,0,0,0,0,0,0,0,6.420821623,0,12.48718869,30.33183534,0,0,0,0,0,0,0,0,0,6.420821623,5.563451492,0,6.066367068,31.18920547,0,0,0,0,0,0,0,0,0,0,15.16666667,0.25,8,0,0,0,0,0,1,0,1,0,0,0,1,0,0,0,1,2.249,35.82,0,0,0,0,0,0,0,0,0,0,0,0,0,0,0,0,0,0,0,0,0,0,0,0,0,0,0,0,0,0,1,0,0,0,1,0,0,0,0,0,0,0,0,0,0,0,0,0,0,0,0,0,0,0,0,0,0,0,0,0,0,0,0,0,0,0,0,0,0,0,0,0,0,0,0,0,0,0,0,0,0,0,0,0,0
MIMETH11,-0.89,0.012097335,0,138.915,2.15,0.090134358,2.15,-0.090134358,141.9279481,141.939,14,1.97,1.97,-0.012097335,1,2,2,1.377964473,3.535462764,1,0.377964473,2.535462764,0,0,0,0,0,0,0.73,2,2.73,1.73,0.099863014,28.00108915,0,0,0,0,0,0,0,0,0,0,22.59087063,4.930467979,0,0,0,22.59087063,0,0,0,0,4.930467979,0,0,0,0,0,0,22.59087063,4.930467979,0,0,0,0,0,0,0,0,0,0,0,0,0,0,0,0,4.930467979,22.59087063,0,0,0,0,0,0,0,0,0,0,1.97,1,2,0,0,0,0,0,0,0,0,0,0,1,0,0,0,0,0,1.0512,19.944,0,0,0,0,0,0,0,0,0,0,0,0,0,0,0,0,0,0,0,0,0,0,0,0,0,1,0,0,0,0,0,0,0,0,0,0,0,0,0,0,0,0,0,0,1,0,0,0,0,0,0,0,0,0,0,0,0,0,0,0,0,0,0,0,0,0,0,0,0,0,0,0,0,0,0,0,0,0,0,0,0,0,0,0,0
MIYHOR,-4.86,0.037478544,0,98.084,4.04,0.261592054,4.04,-0.261592054,107.0734993,107.156,42,1.087962963,1.087962963,0.037478544,3.077660438,164.2466295,5.983127663,5.179264403,5.179264403,3.7876937,2.681164425,2.681164425,1.97457319,1.97457319,1.052156145,1.052156145,0.687274039,0.687274039,-0.85,64.0524865,5.28986014,1.948262116,1.059403088,49.38093533,0,0,0,0,0,0,4.983978521,0,0,0,0,31.54366003,11.89077157,0,0,0,0,4.983978521,0,13.8474744,0,29.5869572,0,0,0,0,0,0,4.983978521,0,13.8474744,11.25737949,18.32957771,0,0,0,12.89,0,0,0,0,0,5.693927995,5.563451492,0,19.18694784,17.97408279,0,0,0,0,0,0,0,0,0,0,16.33333333,0.285714286,8,0,1,0,0,0,0,1,1,1,0,1,0,0,0,0,1,1.69844,33.711,0,0,0,0,0,1,0,0,0,0,0,0,0,0,0,1,0,0,0,0,0,0,0,0,0,0,0,0,0,0,2,0,0,0,0,0,0,0,0,0,0,0,0,0,0,0,0,0,0,0,0,0,0,0,0,0,0,0,0,0,0,0,0,0,0,0,0,0,0,0,0,0,0,1,0,0,0,0,0,0,0,0,0,0,0
MNPHOL20,-9.62,0.272622151,0,134.07,10.04759259,0.50770023,10.04759259,-0.50770023,139.026943,139.11,52,-0.555833333,0.088703704,0.272622151,3.069899266,258.9247709,7.560477932,5.020324849,5.020324849,4.698377303,2.633729172,2.633729172,1.776961888,1.776961888,1.040556,1.040556,0.6065933,0.6065933,-1.58,178.1927874,6.538764846,2.344994096,1.222616942,56.87861259,5.106527395,5.749511833,0,0,5.687386275,0,10.11431827,0,0,0,6.066367068,6.066367068,6.066367068,10.98967812,10.02983844,5.687386275,0,0,0,0,0,34.37978654,0,5.749511833,0,5.687386275,5.749511833,0,10.02983844,0,10.11431827,0,24.26546827,0,0,0,63.37,4.923311049,10.11431827,0,11.43689811,0,6.066367068,18.19910121,0,0,0,5.106527395,0,0,0,0,0,0,0,0,0,33.33333333,0,10,1,4,0,0,0,1,0,1,3,1,4,1,0,0,0,1,1.3004,34.7612,0,0,0,0,0,0,0,1,0,0,0,0,0,0,0,1,0,0,0,0,0,0,0,0,0,0,0,0,0,0,0,0,0,0,1,0,0,0,0,0,0,0,0,0,0,0,0,0,0,0,0,0,0,0,0,0,0,0,1,1,1,0,0,0,0,1,1,0,0,0,0,0,0,0,0,0,0,0,0,0,0,0,0,0,0
MOVTUN,-3.58,0.258300941,0,130.082,10.22731481,0.271791321,10.22731481,-0.258300941,137.0476785,137.138,52,-0.37962963,0.18287037,0.271791321,3.152941447,257.5379489,7.560477932,5.573111253,5.573111253,4.715214055,2.916105439,2.916105439,2.043596411,2.043596411,1.312150504,1.312150504,0.768270309,0.768270309,-1.38,182.2382193,6.736009281,2.473196904,1.127136219,58.44932096,0,0,0,0,5.687386275,0,10.11431827,0,0,0,18.19910121,6.9237372,11.62981856,4.923311049,4.923311049,5.687386275,0,0,0,6.9237372,0,39.94323803,0,0,0,5.687386275,0,0,4.923311049,0,17.03805547,5.563451492,24.26546827,0,0,0,43.14,0,10.11431827,0,10.61069732,5.563451492,0,6.066367068,25.12283841,0,0,0,0,0,0,0,0,0,0,0,0,29.33333333,0.142857143,10,0,3,0,0,0,1,0,1,2,0,3,1,0,0,0,1,1.90322,37.8334,0,0,0,0,0,0,0,0,0,0,0,0,0,0,0,1,0,0,0,0,0,0,0,0,0,0,0,0,0,0,1,0,0,0,1,0,0,0,0,0,0,0,0,0,0,0,0,0,0,0,0,0,0,0,0,0,0,0,1,1,0,0,0,0,1,0,0,0,0,0,0,0,0,0,0,0,0,0,0,0,0,0,0,0,0
MOVVAV,-3.45,0.258309495,0,130.082,10.1587037,0.269187287,10.1587037,-0.258309495,137.0476785,137.138,52,-0.395833333,0.152777778,0.269187287,3.069899266,257.5379489,7.560477932,5.573111253,5.573111253,4.698377303,2.910122374,2.910122374,2.096113268,2.096113268,1.212474912,1.212474912,0.741532939,0.741532939,-1.38,178.1927874,6.736009281,2.473196904,1.312840333,58.44932096,0,0,0,0,5.687386275,0,10.11431827,0,0,0,12.13273414,12.48718869,12.13273414,4.923311049,4.923311049,5.687386275,0,0,0,6.9237372,0,39.94323803,0,0,0,5.687386275,0,0,4.923311049,0,17.03805547,5.563451492,24.26546827,0,0,0,43.14,4.923311049,10.11431827,0,5.687386275,0,5.563451492,6.066367068,12.13273414,12.99010427,0,0,0,0,0,0,0,0,0,0,0,29.33333333,0.142857143,10,0,3,0,0,0,1,0,1,2,0,3,1,0,0,0,1,1.90322,37.8334,0,0,0,0,0,0,0,0,0,0,0,0,0,0,0,1,0,0,0,0,0,0,0,0,0,0,0,0,0,0,1,0,0,0,1,0,0,0,0,0,0,0,0,0,0,0,0,0,0,0,0,0,0,0,0,0,0,0,1,1,1,0,0,0,0,0,0,0,0,0,0,0,0,0,0,0,0,0,0,0,0,0,0,0,0
NAPHOB03,-8.11,0.115716525,0,136.109,9.130243764,0.507943525,9.130243764,-0.507943525,144.0575149,144.173,54,0.32287037,0.32287037,0.115716525,2.828901216,379.2844904,7.681798276,5.98866548,5.98866548,5.360173345,3.538990939,3.538990939,2.531453572,2.531453572,1.733048819,1.733048819,1.176717697,1.176717697,-1.5,487.8529731,6.225623583,2.274078478,1.049306063,64.9073014,5.106527395,5.749511833,0,0,0,0,0,0,0,0,30.33183534,22.90518257,0,0,5.106527395,10.77244843,0,0,0,0,0,42.46456948,0,5.749511833,0,0,5.749511833,0,5.106527395,0,0,0,42.46456948,0,10.77244843,0,20.23,0,0,0,0,5.749511833,10.77244843,0,12.13273414,30.33183534,0,5.106527395,0,0,0,0,0,0,0,0,0,25,0,11,1,1,0,0,0,2,0,2,1,1,1,0,0,0,0,2,2.5454,45.6128,0,0,0,0,0,0,0,1,0,0,0,0,0,0,0,0,0,0,0,0,0,0,0,0,0,0,0,0,0,0,0,0,0,0,2,0,1,0,0,0,0,0,0,0,0,0,0,0,0,0,0,0,0,0,0,0,0,0,0,0,0,0,0,0,0,1,1,0,0,0,0,0,0,0,0,0,0,0,0,0,0,0,0,0,0
NAPHTA32,-2.4,0.018404251,0,120.11,2.12037037,0.061629711,2.12037037,-0.061629711,128.0626003,128.174,48,1.310185185,1.310185185,-0.018404251,2.888051602,271.0151824,6.811554788,5.618802154,5.618802154,4.966326495,3.404700538,3.404700538,2.347150628,2.347150628,1.658689248,1.658689248,1.132905825,1.132905825,-1.3,348.5704618,5.48222978,2.143052886,0.780533544,60.11306765,0,0,0,0,0,0,0,0,0,0,48.53093655,10.77244843,0,0,0,10.77244843,0,0,0,0,0,48.53093655,0,0,0,0,0,0,0,0,0,0,48.53093655,0,10.77244843,0,0,0,0,0,0,0,0,10.77244843,0,0,48.53093655,0,0,0,0,0,0,0,0,0,0,19.33333333,0,10,0,0,0,0,0,2,0,2,0,0,0,0,0,0,0,2,2.8398,43.948,0,0,0,0,0,0,0,0,0,0,0,0,0,0,0,0,0,0,0,0,0,0,0,0,0,0,0,0,0,0,0,0,0,0,2,0,1,0,0,0,0,0,0,0,0,0,0,0,0,0,0,0,0,0,0,0,0,0,0,0,0,0,0,0,0,0,0,0,0,0,0,0,0,0,0,0,0,0,0,0,0,0,0,0,0
NITPOL08,-10.64,0.269194956,0,134.07,10.0361489,0.507958165,10.0361489,-0.507958165,139.026943,139.11,52,-0.514444444,0.015925926,0.269194956,3.003400685,241.6747709,7.560477932,5.020324849,5.020324849,4.698377303,2.633729172,2.633729172,1.773507565,1.773507565,1.060527754,1.060527754,0.574348523,0.574348523,-1.58,180.9125147,6.538764846,2.344994096,1.222616942,56.87861259,5.106527395,5.749511833,0,0,5.687386275,0,10.11431827,0,0,0,0,12.13273414,12.13273414,4.923311049,10.02983844,5.687386275,0,0,0,0,0,34.37978654,0,5.749511833,0,5.687386275,5.749511833,0,10.02983844,0,10.11431827,0,24.26546827,0,0,0,63.37,4.923311049,10.11431827,0,11.43689811,0,0,24.26546827,0,0,0,5.106527395,0,0,0,0,0,0,0,0,0,33.33333333,0,10,1,4,0,0,0,1,0,1,3,1,4,1,0,0,0,1,1.3004,34.7612,0,0,0,0,0,0,0,1,0,0,0,0,0,0,0,1,0,0,0,0,0,0,0,0,0,0,0,0,0,0,0,0,0,0,1,0,0,0,0,0,0,0,0,0,0,0,0,0,0,0,0,0,0,0,0,0,0,0,1,1,1,0,0,0,0,1,1,0,0,0,0,0,0,0,0,0,0,0,0,0,0,0,0,0,0
NOZKES,-9.3,0.06622664,0,56.02,7.625,0.393990542,7.625,-0.393990542,62.03677943,62.068,26,-0.125,0.125,0.06622664,1.974744871,6,3.414213562,2.308640753,2.308640753,1.914213562,1.132455532,1.132455532,0.447213596,0.447213596,0.1,0.1,0,0,-0.08,6.854752972,3.92,2.92,1.92,24.69266065,10.21305479,0,0,0,0,0,0,0,0,0,0,0,0,13.21376393,10.21305479,0,0,0,0,0,13.21376393,0,0,0,0,0,0,0,23.42681872,0,0,0,0,0,0,0,40.46,0,0,0,13.21376393,0,0,0,0,0,0,10.21305479,0,0,0,0,0,0,0,0,0,15,1,4,2,2,0,0,0,0,0,0,2,2,2,1,0,0,0,0,-1.029,14.1716,0,2,2,0,0,0,0,0,0,0,0,0,0,0,0,0,0,0,0,0,0,0,0,0,0,0,0,0,0,0,0,0,0,0,0,0,0,0,0,0,0,0,0,0,0,0,0,0,0,0,0,0,0,0,0,0,0,0,0,0,0,0,0,0,0,0,0,0,0,0,0,0,0,0,0,0,0,0,0,0,0,0,0,0,0
NTROMA01,-4.02,0.193997324,0,58.016,8.805555556,0.264837326,8.805555556,-0.264837326,61.01637834,61.04,24,-0.5,0.5,0.193997324,2.803039488,29.01955001,3.577350269,2.263710176,2.263710176,1.732050808,0.812361967,0.812361967,0.439683971,0.439683971,0,0,0,0,-0.6,3.245112498,3.4,0.816666667,0.622222222,23.39222675,0,0,7.047671983,0,0,0,10.11431827,0,0,0,0,0,4.923311049,0,4.923311049,0,0,0,0,0,7.047671983,10.11431827,0,0,0,0,0,0,11.97098303,0,10.11431827,0,0,0,0,0,43.14,4.923311049,0,0,0,0,7.047671983,0,0,0,0,10.11431827,0,0,0,0,0,0,0,0,0,18,1,4,0,3,0,0,0,0,0,0,2,0,3,0,0,0,0,0,-0.1071,12.9184,0,0,0,0,0,0,0,0,0,0,0,0,0,0,0,1,0,0,0,0,0,0,0,0,0,0,0,0,0,0,0,0,0,0,0,0,0,0,0,0,0,0,0,0,0,0,0,0,0,0,0,0,0,0,0,0,0,0,1,0,0,0,0,0,0,0,0,0,0,0,0,0,0,0,0,0,0,0,0,0,0,0,0,0,0
OCTANE01,2.88,0.053316205,0,96.088,2.255898526,0.065382383,2.255898526,-0.065382383,114.1408506,114.232,50,1.364795918,1.364795918,-0.053316205,2.530060457,25.01955001,6.242640687,6.242640687,6.242640687,3.914213562,3.914213562,3.914213562,2.414213562,2.414213562,1.457106781,1.457106781,0.853553391,0.853553391,0,61.49961227,8,7,6,53.29384583,0,0,0,0,0,0,0,0,0,0,52.37240414,0,0,0,0,0,0,0,0,52.37240414,0,0,0,0,0,0,0,0,0,0,0,52.37240414,0,0,0,0,0,0,0,0,0,0,0,38.52492974,0,0,13.8474744,0,0,0,0,0,0,0,0,0,0,13,1,8,0,0,0,0,0,0,0,0,0,0,0,5,0,0,0,0,3.3668,39.05,0,0,0,0,0,0,0,0,0,0,0,0,0,0,0,0,0,0,0,0,0,0,0,0,0,0,0,0,0,0,0,0,0,0,0,0,0,0,0,0,0,0,0,0,0,0,0,0,0,0,0,0,0,0,0,0,0,0,0,0,0,0,0,0,0,0,0,0,0,0,0,0,0,0,0,0,0,0,0,0,0,0,0,3,0
PENTAN01,2.3,0.053831315,0,60.055,2.211805556,0.065382555,2.211805556,-0.065382555,72.09390038,72.151,32,1.34375,1.34375,-0.053831315,2.190609687,7.509775004,4.121320344,4.121320344,4.121320344,2.414213562,2.414213562,2.414213562,1.353553391,1.353553391,0.707106781,0.707106781,0.353553391,0.353553391,0,11.2451125,5,4,4,34.19901949,0,0,0,0,0,0,0,0,0,0,33.10993927,0,0,0,0,0,0,0,0,33.10993927,0,0,0,0,0,0,0,0,0,0,0,33.10993927,0,0,0,0,0,0,0,0,0,0,0,19.26246487,0,0,13.8474744,0,0,0,0,0,0,0,0,0,0,8.5,1,5,0,0,0,0,0,0,0,0,0,0,0,2,0,0,0,0,2.1965,25.199,0,0,0,0,0,0,0,0,0,0,0,0,0,0,0,0,0,0,0,0,0,0,0,0,0,0,0,0,0,0,0,0,0,0,0,0,0,0,0,0,0,0,0,0,0,0,0,0,0,0,0,0,0,0,0,0,0,0,0,0,0,0,0,0,0,0,0,0,0,0,0,0,0,0,0,0,0,0,0,0,0,0,0,0,0
PHBALD11,-8.83,0.149552579,0,116.075,10.0361489,0.507966219,10.0361489,-0.507966219,122.0367794,122.123,46,0.181111111,0.181111111,0.149552579,3.009781948,200.6610651,6.690234444,4.742213232,4.742213232,4.325698503,2.569351398,2.569351398,1.709383353,1.709383353,1.029170898,1.029170898,0.552889265,0.552889265,-1.31,129.2253387,5.820039012,2.306763636,1.287705032,52.75210109,5.106527395,12.03567236,0,0,0,0,4.794537184,0,0,0,0,24.26546827,5.563451492,0,9.901064579,6.286160523,0,0,0,0,0,29.82891977,0,5.749511833,0,0,5.749511833,0,11.39268792,0,0,10.35798868,24.26546827,0,0,0,37.3,0,4.794537184,0,5.749511833,5.563451492,6.286160523,12.13273414,12.13273414,0,0,5.106527395,0,0,0,0,0,0,0,0,0,26.33333333,0,9,1,2,0,0,0,1,0,1,2,1,2,1,0,0,0,1,1.2047,33.4943,0,0,0,0,0,0,0,1,0,0,1,1,0,0,0,0,0,0,0,0,0,0,0,1,0,0,0,0,0,0,0,0,0,0,1,0,0,0,0,0,0,0,0,0,0,0,0,0,0,0,0,0,0,0,0,0,0,0,0,0,0,0,0,0,0,1,1,0,0,0,0,0,0,0,0,0,0,0,0,0,0,0,0,0,0
PHENOL11,-6.6,0.115074819,0,88.065,8.632222222,0.507966995,8.632222222,-0.507966995,94.04186481,94.113,36,0.321759259,0.321759259,0.115074819,3.02146531,134.1073697,5.112884175,3.833964941,3.833964941,3.39384685,2.1342904,2.1342904,1.335549159,1.335549159,0.7561936,0.7561936,0.427994104,0.427994104,-0.98,47.19725257,4.186112957,1.646196216,0.92905918,42.22563687,5.106527395,5.749511833,0,0,0,0,0,0,0,0,18.19910121,12.13273414,0,0,5.106527395,0,0,0,0,0,0,30.33183534,0,5.749511833,0,0,5.749511833,0,5.106527395,0,0,0,30.33183534,0,0,0,20.23,0,0,0,0,5.749511833,0,0,24.26546827,6.066367068,0,5.106527395,0,0,0,0,0,0,0,0,0,17.66666667,0,7,1,1,0,0,0,1,0,1,1,1,1,0,0,0,0,1,1.3922,28.1068,0,0,0,0,0,0,0,1,0,0,0,0,0,0,0,0,0,0,0,0,0,0,0,0,0,0,0,0,0,0,0,0,0,0,1,0,0,0,0,0,0,0,0,0,0,0,0,0,0,0,0,0,0,0,0,0,0,0,0,0,0,0,0,0,1,1,1,0,0,0,0,0,0,0,0,0,0,0,0,0,0,0,0,0,0
PYRENE02,-4.52,0.002680806,0,192.176,2.212407407,0.061032586,2.212407407,-0.061032586,202.0782503,202.256,74,1.335,1.335,-0.002680806,2.505955689,666.6198058,10.53516943,8.773502692,8.773502692,7.93265299,5.559401077,5.559401077,4.289600718,4.289600718,3.39273441,3.39273441,2.669586605,2.669586605,-2.08,11364.40258,8.116401925,2.73240474,0.891949912,93.45542159,0,0,0,0,0,0,0,0,0,0,60.66367068,32.31734529,0,0,0,32.31734529,0,0,0,0,0,60.66367068,0,0,0,0,0,0,0,0,0,0,60.66367068,0,32.31734529,0,0,0,0,0,0,0,0,32.31734529,0,0,60.66367068,0,0,0,0,0,0,0,0,0,0,30,0,16,0,0,0,0,0,4,0,4,0,0,0,0,0,0,0,4,4.584,70.146,0,0,0,0,0,0,0,0,0,0,0,0,0,0,0,0,0,0,0,0,0,0,0,0,0,0,0,0,0,0,0,0,0,0,4,0,0,0,0,0,0,0,0,0,0,0,0,0,0,0,0,0,0,0,0,0,0,0,0,0,0,0,0,0,0,0,0,0,0,0,0,0,0,0,0,0,0,0,0,0,0,0,0,0,0
QAMVEG,-6.62,0.116561888,0,123.518,8.728611111,0.507911389,8.728611111,-0.507911389,128.0028925,128.558,42,0.206018519,0.206018519,0.116561888,3.077660438,168.3883389,5.983127663,4.134579145,4.890508091,3.7876937,2.233956239,2.611920712,1.479871104,1.916306884,0.808200719,1.043297822,0.476126338,0.660654718,-0.69,64.0524865,5.446798906,2.052669548,1.138019489,52.5289031,5.106527395,5.749511833,0,0,0,0,0,0,0,0,17.66730696,18.19910121,5.022633314,0,5.106527395,11.60093989,0,0,0,0,0,29.28810159,0,5.749511833,0,0,5.749511833,11.60093989,5.106527395,0,0,0,24.26546827,5.022633314,0,0,20.23,0,0,0,5.749511833,5.022633314,0,6.066367068,18.19910121,0,0,16.70746729,0,5.484969136,0,0,0,0,0,0,0,15.95947531,0,8,1,1,0,0,0,1,0,1,1,1,2,0,0,0,0,1,2.0456,33.1168,0,0,0,0,0,0,0,1,0,0,0,0,0,0,0,0,0,0,0,0,0,0,0,0,0,0,0,0,0,0,0,0,0,0,1,0,0,0,0,0,0,0,0,0,1,0,0,0,0,0,0,0,0,0,0,0,0,0,0,0,0,0,0,0,0,1,1,0,0,0,0,0,0,0,0,0,0,0,0,0,0,0,0,0,0
QOBGUL,-4.5,0.010576266,0,38.029,4.847222222,0.330748418,4.847222222,-0.330748418,45.05784922,45.085,20,0.75,0.75,-0.010576266,1.632993162,2.754887502,2.707106781,2.28445705,2.28445705,1.414213562,1.115355072,1.115355072,0.40824829,0.40824829,0,0,0,0,-0.04,2.754887502,2.96,1.96,1.96,20.44408384,5.733667477,0,0,0,0,0,0,0,0,0,6.9237372,6.544756406,0,0,0,0,0,0,5.733667477,6.9237372,6.544756406,0,0,0,5.733667477,0,0,0,6.544756406,0,0,6.9237372,0,0,0,0,26.02,0,0,0,0,0,6.544756406,0,0,6.9237372,0,5.733667477,0,0,0,0,0,0,0,0,0,7.5,1,3,2,1,0,0,0,0,0,0,1,1,1,0,0,0,0,0,-0.035,14.7284,0,0,0,0,0,0,0,0,0,0,0,0,0,0,0,0,0,1,0,0,0,0,0,0,0,0,0,0,0,0,0,0,0,0,0,0,0,0,0,0,0,0,0,0,0,0,0,0,0,0,0,0,0,0,0,0,0,0,0,0,0,0,0,0,0,0,0,0,0,0,0,0,0,0,0,0,0,0,0,0,0,0,0,0,0
QOBHEW,-4.39,0.007990569,0,50.04,5.027777778,0.330483922,5.027777778,-0.330483922,59.07349929,59.112,26,0.819444444,0.819444444,-0.007990569,1.974744871,5.245112498,3.414213562,2.991563832,2.991563832,1.914213562,1.615355072,1.615355072,0.788675135,0.788675135,0.288675135,0.288675135,0,0,-0.04,6.854752972,3.96,2.96,1.96,26.80902595,5.733667477,0,0,0,0,0,0,0,0,0,6.9237372,12.96557803,0,0,0,0,0,0,5.733667477,13.34455882,6.544756406,0,0,0,5.733667477,0,0,0,6.544756406,0,0,13.34455882,0,0,0,0,26.02,0,0,0,0,0,12.96557803,0,0,0,6.9237372,5.733667477,0,0,0,0,0,0,0,0,0,9,1,4,2,1,0,0,0,0,0,0,1,1,1,1,0,0,0,0,0.3551,19.3454,0,0,0,0,0,0,0,0,0,0,0,0,0,0,0,0,0,1,0,0,0,0,0,0,0,0,0,0,0,0,0,0,0,0,0,0,0,0,0,0,0,0,0,0,0,0,0,0,0,0,0,0,0,0,0,0,0,0,0,0,0,0,0,0,0,0,0,0,0,0,0,0,0,0,0,0,0,0,0,0,0,0,0,0,0
QOBHOG,-4.09,0.00772772,0,74.062,5.214583333,0.330473505,5.214583333,-0.330473505,87.10479942,87.166,38,0.855,0.855,-0.00772772,2.339092315,15.90013453,4.828427125,4.405777394,4.405777394,2.914213562,2.615355072,2.615355072,1.495781916,1.495781916,0.807677536,0.807677536,0.394337567,0.394337567,-0.04,20.98630086,5.96,4.96,3.96,39.53891018,5.733667477,0,0,0,0,0,0,0,0,0,19.76538045,12.96557803,0,0,0,0,0,0,5.733667477,26.18620207,6.544756406,0,0,0,5.733667477,0,0,0,6.544756406,0,0,26.18620207,0,0,0,0,26.02,0,0,0,0,0,6.544756406,19.26246487,0,0,6.9237372,5.733667477,0,0,0,0,0,0,0,0,0,12,1,6,2,1,0,0,0,0,0,0,1,1,1,3,0,0,0,0,1.1353,28.5794,0,0,0,0,0,0,0,0,0,0,0,0,0,0,0,0,0,1,0,0,0,0,0,0,0,0,0,0,0,0,0,0,0,0,0,0,0,0,0,0,0,0,0,0,0,0,0,0,0,0,0,0,0,0,0,0,0,0,0,0,0,0,0,0,0,0,0,0,0,0,0,0,0,0,0,0,0,0,0,0,0,0,0,1,0
QOBHUM,-3.95,0.007727548,0,86.073,5.269288549,0.330473504,5.269288549,-0.330473504,101.1204495,101.193,44,0.861111111,0.861111111,-0.007727548,2.447472888,23.3609904,5.535533906,5.112884175,5.112884175,3.414213562,3.115355072,3.115355072,1.849335306,1.849335306,1.057677536,1.057677536,0.571114263,0.571114263,-0.04,35.50960993,6.96,5.96,5.96,45.9038523,5.733667477,0,0,0,0,0,0,0,0,0,26.18620207,12.96557803,0,0,0,0,0,0,5.733667477,32.60702369,6.544756406,0,0,0,5.733667477,0,0,0,6.544756406,0,0,32.60702369,0,0,0,0,26.02,0,0,0,0,0,6.544756406,25.68328649,0,0,6.9237372,5.733667477,0,0,0,0,0,0,0,0,0,13.5,1,7,2,1,0,0,0,0,0,0,1,1,1,4,0,0,0,0,1.5254,33.1964,0,0,0,0,0,0,0,0,0,0,0,0,0,0,0,0,0,1,0,0,0,0,0,0,0,0,0,0,0,0,0,0,0,0,0,0,0,0,0,0,0,0,0,0,0,0,0,0,0,0,0,0,0,0,0,0,0,0,0,0,0,0,0,0,0,0,0,0,0,0,0,0,0,0,0,0,0,0,0,0,0,0,0,2,0
QOBJAU,-3.79,0.007727547,0,98.084,5.31074263,0.330473504,5.31074263,-0.330473504,115.1360995,115.22,50,0.864795918,0.864795918,-0.007727547,2.530060457,29.36806555,6.242640687,5.819990956,5.819990956,3.914213562,3.615355072,3.615355072,2.202888697,2.202888697,1.307677536,1.307677536,0.747890958,0.747890958,-0.04,61.49961227,7.96,6.96,5.96,52.26879441,5.733667477,0,0,0,0,0,0,0,0,0,32.60702369,12.96557803,0,0,0,0,0,0,5.733667477,39.02784531,6.544756406,0,0,0,5.733667477,0,0,0,6.544756406,0,0,39.02784531,0,0,0,0,26.02,0,0,0,0,0,6.544756406,32.10410811,0,0,6.9237372,5.733667477,0,0,0,0,0,0,0,0,0,15,1,8,2,1,0,0,0,0,0,0,1,1,1,5,0,0,0,0,1.9155,37.8134,0,0,0,0,0,0,0,0,0,0,0,0,0,0,0,0,0,1,0,0,0,0,0,0,0,0,0,0,0,0,0,0,0,0,0,0,0,0,0,0,0,0,0,0,0,0,0,0,0,0,0,0,0,0,0,0,0,0,0,0,0,0,0,0,0,0,0,0,0,0,0,0,0,0,0,0,0,0,0,0,0,0,0,3,0
QQQCIS01,0.75,0.053305973,0,36.033,1.5,0.053305973,1.5,-0.053305973,42.04695019,42.081,18,1.5,1.5,-0.053305973,2.25,4.754887502,2.121320344,2.121320344,2.121320344,1.5,1.5,1.5,1.060660172,1.060660172,0.353553391,0.353553391,0,0,0,8.754887502,1.333333333,0.222222222,0,20.4633041,0,0,0,0,0,0,0,0,0,0,19.26246487,0,0,0,0,0,0,0,0,19.26246487,0,0,0,0,0,0,0,0,0,0,0,19.26246487,0,0,0,0,0,0,0,0,0,0,0,19.26246487,0,0,0,0,0,0,0,0,0,0,0,0,0,4.5,1,3,0,0,1,0,1,0,0,0,0,0,0,0,1,0,1,1,1.1703,13.851,0,0,0,0,0,0,0,0,0,0,0,0,0,0,0,0,0,0,0,0,0,0,0,0,0,0,0,0,0,0,0,0,0,0,0,0,0,0,0,0,0,0,0,0,0,0,0,0,0,0,0,0,0,0,0,0,0,0,0,0,0,0,0,0,0,0,0,0,0,0,0,0,0,0,0,0,0,0,0,0,0,0,0,0,0
QQQCIV05,-3.88,0.058714824,0,38.029,7.319444444,0.198658426,7.319444444,-0.198658426,41.0265491,41.053,16,1.430555556,1.430555556,0.058714824,2.475534206,24.26466251,2.707106781,1.947213596,1.947213596,1.414213562,0.723606798,0.723606798,0.223606798,0.223606798,0,0,0,0,-0.51,2.754887502,2.49,1.49,1.49,19.49677282,0,0,0,0,0,0,0,0,5.261891555,0,0,0,6.9237372,6.069221313,0,0,5.261891555,0,0,6.9237372,0,0,0,6.069221313,0,0,0,0,0,0,11.33111287,6.9237372,0,0,0,0,23.79,0,0,0,0,0,0,6.9237372,6.069221313,0,0,5.261891555,0,0,0,0,0,0,0,0,0,10.5,0.5,3,0,1,0,0,0,0,0,0,1,0,1,0,0,0,0,0,0.52988,11.287,0,0,0,0,0,0,0,0,0,0,0,0,0,0,0,1,0,0,0,0,0,0,0,0,0,0,0,0,0,0,0,0,0,0,0,0,0,0,0,0,0,0,0,0,0,0,0,0,0,0,0,0,0,0,0,0,0,1,0,0,0,0,0,0,0,0,0,0,0,0,0,0,0,0,0,0,0,0,0,0,0,0,0,0,0
QQQEJV06,-5.46,0.053984775,0,88.065,8.909166667,0.393131382,8.909166667,-0.393131382,100.088815,100.161,42,0.03587963,0.03587963,0.053984775,2.12291795,46.14170945,5.112884175,4.560097771,4.560097771,3.39384685,3.074695471,3.074695471,2.291833947,2.291833947,1.574695471,1.574695471,1.081038718,1.081038718,-0.04,47.19725257,5.103678161,2.31410722,1.475062751,44.3523642,5.106527395,0,0,0,0,0,0,0,0,0,19.26246487,12.84164325,0,6.103966388,5.106527395,0,0,0,0,38.2080745,0,0,0,0,0,0,0,0,11.21049378,0,0,32.10410811,0,0,0,0,20.23,0,0,0,6.103966388,0,12.84164325,19.26246487,0,0,0,5.106527395,0,0,0,0,0,0,0,0,0,14.83333333,1,7,1,1,1,0,1,0,0,0,1,1,1,0,1,0,1,1,1.3114,29.0918,0,1,1,0,0,0,0,0,0,0,0,0,0,0,0,0,0,0,0,0,0,0,0,0,0,0,0,0,0,0,0,0,0,0,0,0,0,0,0,0,0,0,0,0,0,0,0,0,0,0,0,0,0,0,0,0,0,0,0,0,0,0,0,0,0,0,0,0,0,0,0,0,0,0,0,0,0,0,0,0,0,0,0,0,0
QQQFAY01,3.13,0.053306317,0,108.099,2.263711026,0.065382383,2.263711026,-0.065382383,128.1565006,128.259,56,1.3671875,1.3671875,-0.053306317,2.595082707,33.30296891,6.949747468,6.949747468,6.949747468,4.414213562,4.414213562,4.414213562,2.767766953,2.767766953,1.707106781,1.707106781,1.030330086,1.030330086,0,103.687916,9,8,8,59.65878794,0,0,0,0,0,0,0,0,0,0,58.79322576,0,0,0,0,0,0,0,0,58.79322576,0,0,0,0,0,0,0,0,0,0,0,58.79322576,0,0,0,0,0,0,0,0,0,0,0,44.94575136,0,0,13.8474744,0,0,0,0,0,0,0,0,0,0,14.5,1,9,0,0,0,0,0,0,0,0,0,0,0,6,0,0,0,0,3.7569,43.667,0,0,0,0,0,0,0,0,0,0,0,0,0,0,0,0,0,0,0,0,0,0,0,0,0,0,0,0,0,0,0,0,0,0,0,0,0,0,0,0,0,0,0,0,0,0,0,0,0,0,0,0,0,0,0,0,0,0,0,0,0,0,0,0,0,0,0,0,0,0,0,0,0,0,0,0,0,0,0,0,0,0,0,4,0
QQQFBG01,3.16,0.053306146,0,120.11,2.269883866,0.065382383,2.269883866,-0.065382383,142.1721507,142.286,62,1.36882716,1.36882716,-0.053306146,2.647604849,40,7.656854249,7.656854249,7.656854249,4.914213562,4.914213562,4.914213562,3.121320344,3.121320344,1.957106781,1.957106781,1.207106781,1.207106781,0,175.076748,10,9,8,66.02373006,0,0,0,0,0,0,0,0,0,0,65.21404738,0,0,0,0,0,0,0,0,65.21404738,0,0,0,0,0,0,0,0,0,0,0,65.21404738,0,0,0,0,0,0,0,0,0,0,0,51.36657298,0,0,13.8474744,0,0,0,0,0,0,0,0,0,0,16,1,10,0,0,0,0,0,0,0,0,0,0,0,7,0,0,0,0,4.147,48.284,0,0,0,0,0,0,0,0,0,0,0,0,0,0,0,0,0,0,0,0,0,0,0,0,0,0,0,0,0,0,0,0,0,0,0,0,0,0,0,0,0,0,0,0,0,0,0,0,0,0,0,0,0,0,0,0,0,0,0,0,0,0,0,0,0,0,0,0,0,0,0,0,0,0,0,0,0,0,0,0,0,0,0,5,0
RAFFIO,-2.87,0.126927749,0,160.131,5.578333333,0.457384598,5.578333333,-0.457384598,170.0731649,170.211,64,0.869166667,0.869166667,0.126927749,2.161475751,315.8986487,8.932875131,7.181750982,7.181750982,6.449489743,4.229615496,4.229615496,2.728167132,2.728167132,1.722112591,1.722112591,1.113155983,1.113155983,-1.76,1589.71823,7.866895638,3.764211048,2.089799938,77.60204256,4.736862954,11.49902367,0,0,0,0,0,0,0,0,36.39820241,24.26546827,0,0,4.736862954,0,0,0,0,0,0,60.66367068,0,11.49902367,4.736862954,0,11.49902367,0,0,0,0,0,60.66367068,0,0,0,9.23,0,0,0,0,0,11.49902367,0,0,60.66367068,0,4.736862954,0,0,0,0,0,0,0,0,0,26.83333333,0,13,0,1,0,0,0,2,0,2,1,0,1,2,0,0,0,2,3.4789,52.958,0,0,0,0,0,0,0,0,0,0,0,0,0,0,0,0,0,0,0,0,0,0,0,0,0,0,0,0,0,0,0,0,0,0,2,0,0,0,0,0,0,1,0,0,0,0,0,0,0,0,0,0,0,0,0,0,0,0,0,0,0,0,0,0,2,0,0,0,0,0,0,0,0,0,0,0,0,0,0,0,0,0,0,0,0
SOPLAL,-0.9,0.039754683,0,108.099,2.1875,0.056365285,2.1875,-0.056365285,120.0939004,120.195,48,1.354166667,1.354166667,-0.039754683,3.16567031,160.8005151,6.853371151,6.232050808,6.232050808,4.18154055,3.232050808,3.232050808,2.665063509,2.665063509,1.366025404,1.366025404,1.202350269,1.202350269,-0.78,85.75693819,6.341654501,2.218872017,1.562760731,56.52622946,0,0,0,0,0,0,0,0,0,0,34.88945568,20.7712116,0,0,0,0,0,0,0,20.7712116,0,34.88945568,0,0,0,0,0,0,0,0,20.7712116,16.69035448,18.19910121,0,0,0,0,0,0,0,0,0,0,16.69035448,0,0,38.9703128,0,0,0,0,0,0,0,0,0,0,17,0.333333333,9,0,0,0,0,0,1,0,1,0,0,0,0,0,0,0,1,2.61186,40.653,0,0,0,0,0,0,0,0,0,0,0,0,0,0,0,0,0,0,0,0,0,0,0,0,0,0,0,0,0,0,3,0,0,0,1,0,0,0,0,0,0,0,0,0,0,0,0,0,0,0,0,0,0,0,0,0,0,0,0,0,0,0,0,0,0,0,0,0,0,0,0,0,0,0,0,0,0,0,0,0,0,0,0,0,0
TEJWAH,-0.22,0.078507957,0,31.009,9.5,0.254729738,9.5,-0.254729738,34.02187832,34.033,14,0.5,0.5,0.078507957,1,2,2,1.377964473,1.377964473,1,0.377964473,0.377964473,0,0,0,0,0,0,-0.07,2,1.93,0.93,-16.35571429,12.90478643,0,0,0,0,0,0,4.390415048,0,0,0,0,0,0,7.177506549,4.390415048,0,0,0,0,0,7.177506549,0,0,0,0,4.390415048,0,0,7.177506549,0,0,0,0,0,0,0,0,0,4.390415048,0,0,7.177506549,0,0,0,0,0,0,0,0,0,0,0,0,0,0,9.5,0.5,1,2,0,0,0,0,0,0,0,0,0,0,1,0,0,0,0,0,0.5857,7.032,0,0,0,0,0,0,0,0,0,0,0,0,0,0,0,0,0,0,0,0,0,0,0,0,0,1,0,0,0,0,0,0,0,0,0,0,0,0,0,0,0,0,0,0,1,0,0,0,0,0,0,0,0,0,0,0,0,0,0,0,0,0,0,0,0,0,0,0,0,0,0,0,0,0,0,0,0,0,0,0,0,0,0,0,0
VEGNAX01,-5.1,0.251550189,0,120.085,9.923611111,0.398816484,9.923611111,-0.251550189,125.9986797,126.133,44,-3.657407407,1.02662037,0.398816484,3.885604643,112.6252211,5.914213562,4.041241452,4.857738033,3.121320344,1.483163248,2.816496581,0.741581624,2.224744871,0.40824829,1.224744871,0.068041382,0.204124145,-0.13,26.83874054,6.87,2.247742509,2.551431005,42.37468974,0,0,0,0,0,10.39900058,8.366170865,0,8.417796984,0,0,0,0,14.21959508,16.78396785,10.39900058,0,0,0,0,14.21959508,0,0,0,0,0,0,0,22.63739207,18.76517145,0,0,0,0,0,0,52.6,10.39900058,8.417796984,0,0,0,14.21959508,0,0,0,8.366170865,0,0,-3.657407407,0,0,0,0,0,0,27.52083333,2.053240741,1,7,0,4,0,0,0,0,0,0,4,0,5,2,0,0,0,0,-0.476,22.9378,0,0,0,0,0,0,0,0,0,0,0,0,0,0,0,0,0,0,0,0,0,0,0,0,0,0,0,0,0,0,0,0,0,0,0,0,0,0,0,0,0,0,0,0,0,0,0,0,0,0,0,0,0,0,0,0,0,0,0,0,0,0,0,0,0,0,0,0,0,0,0,0,0,0,0,0,0,0,0,0,0,0,0,0,0
WIZDUE01,-5.51,0.055524758,0,88.069,3.916666667,0.261235113,3.916666667,-0.261235113,94.05309819,94.117,36,0.960648148,0.960648148,0.055524758,3.02146531,136.0075042,5.112884175,4.126477999,4.126477999,3.39384685,2.120211935,2.120211935,1.346793862,1.346793862,0.692273678,0.692273678,0.373627513,0.373627513,-0.92,47.19725257,4.244473684,1.68700948,0.961387852,42.2356412,0,0,0,0,0,0,9.967957042,0,0,0,0,6.9237372,18.59053071,5.693927995,0,0,0,9.967957042,0,6.9237372,0,24.28445871,0,0,0,0,0,0,9.967957042,0,6.9237372,5.693927995,18.59053071,0,0,0,25.78,0,0,0,0,0,5.693927995,0,18.59053071,6.9237372,9.967957042,0,0,0,0,0,0,0,0,0,0,15.66666667,0.2,7,0,2,0,0,0,0,1,1,2,0,2,0,0,0,0,1,0.78502,26.769,0,0,0,0,0,2,0,0,0,0,0,0,0,0,0,2,0,0,0,0,0,0,0,0,0,0,0,0,0,0,1,0,0,0,0,0,0,0,0,0,0,0,0,0,0,0,0,0,0,0,0,0,0,0,0,0,0,0,0,0,0,0,0,0,0,0,0,0,0,0,0,0,0,0,0,0,0,0,0,0,0,0,0,0,0
YARZUN03,-2.68,0.30498632,0,92.053,10.18958333,0.465976731,10.18958333,-0.465976731,102.0680796,102.133,42,-0.122685185,0.122685185,0.30498632,3.002590529,59.10049401,5.698670613,4.730710143,4.730710143,3.308060412,2.464690378,2.464690378,1.15857456,1.15857456,0.59400034,0.59400034,0.26304971,0.26304971,-0.53,31.91663524,6.47,3.652815356,3.296334149,43.47408682,4.736862954,0,0,0,0,5.969305288,4.794537184,0,0,0,6.9237372,6.9237372,6.420821623,6.606881965,9.531400138,5.969305288,0,0,0,20.26829602,6.606881965,0,0,0,0,0,0,0,12.57618725,9.531400138,0,20.26829602,0,0,0,0,26.3,0,4.794537184,0,5.969305288,13.02770359,0,0,13.8474744,0,4.736862954,0,0,0,0,0,0,0,0,0,0,19.16666667,0.8,7,0,2,0,0,0,0,0,0,2,0,2,2,0,0,0,0,0.9595,26.924,0,0,0,0,0,0,0,0,0,0,1,1,0,0,0,0,0,0,0,0,0,0,0,0,0,0,0,0,0,0,0,0,0,0,0,0,0,0,0,0,1,1,0,0,0,0,0,0,0,0,0,0,0,0,0,0,0,0,0,0,0,0,0,0,0,0,0,0,0,0,0,0,0,0,0,0,0,0,0,0,0,0,0,0,0
YEDWUA,2.11,0.044260161,0,96.088,2.366944444,0.062509376,2.366944444,-0.062509376,112.1252005,112.216,48,1.01962963,1.01962963,-0.044260161,2.192377158,48.4385619,5.983127663,5.983127663,5.983127663,3.7876937,3.7876937,3.7876937,3.365043969,3.365043969,2.304530453,2.304530453,1.426746322,1.426746322,0,70.79892376,6.125,2.52,1.5,52.28801468,0,0,0,0,0,0,0,0,0,0,39.53076089,11.83581209,0,0,0,0,0,0,11.83581209,39.53076089,0,0,0,0,0,0,0,0,0,0,11.83581209,39.53076089,0,0,0,0,0,0,0,0,0,0,11.83581209,25.68328649,0,0,13.8474744,0,0,0,0,0,0,0,0,0,0,12.66666667,1,8,0,0,1,0,1,0,0,0,0,0,0,0,1,0,1,1,2.8326,36.796,0,0,0,0,0,0,0,0,0,0,0,0,0,0,0,0,0,0,0,0,0,0,0,0,0,0,0,0,0,0,0,0,0,0,0,0,0,0,0,0,0,0,0,0,0,0,0,0,0,0,0,0,0,0,0,0,0,0,0,0,0,0,0,0,0,0,0,0,0,0,0,0,0,0,0,0,0,0,0,0,0,0,0,0,0
ZZZHKQ02,-4.63,0.037214653,0,86.073,3.979166667,0.261612425,3.979166667,-0.261612425,93.05784922,93.129,36,1.071759259,1.071759259,0.037214653,3.02146531,134.1073697,5.112884175,4.256614672,4.256614672,3.39384685,2.270480822,2.270480822,1.471118867,1.471118867,0.812775362,0.812775362,0.448139192,0.448139192,-0.85,47.19725257,4.312601626,1.73496748,0.999576996,43.01599321,0,0,0,0,0,0,4.983978521,0,0,0,6.066367068,19.05647134,11.89077157,0,0,0,0,4.983978521,0,6.9237372,0,30.08987277,0,0,0,0,0,0,4.983978521,0,6.9237372,5.693927995,24.39594478,0,0,0,12.89,0,0,0,0,0,5.693927995,0,6.196843572,25.12283841,4.983978521,0,0,0,0,0,0,0,0,0,0,14.66666667,0.166666667,7,0,1,0,0,0,0,1,1,1,0,1,0,0,0,0,1,1.39002,28.974,0,0,0,0,0,1,0,0,0,0,0,0,0,0,0,1,0,0,0,0,0,0,0,0,0,0,0,0,0,0,1,0,0,0,0,0,0,0,0,0,0,0,0,0,0,0,0,0,0,0,0,0,0,0,0,0,0,0,0,0,0,0,0,0,0,0,0,0,0,0,0,0,0,1,0,0,0,0,0,0,0,0,0,0,0
ZZZWGK02,-4.91,0.132411328,0,88.065,10.46305556,0.299717909,10.46305556,-0.299717909,98.07316494,98.145,40,0.46412037,0.46412037,0.132411328,2.249544095,68.24920506,5.112884175,4.443782196,4.443782196,3.39384685,2.911230926,2.911230926,2.099335306,2.099335306,1.411230926,1.411230926,0.946114263,0.946114263,-0.33,47.19725257,4.819925037,2.101967961,1.29814875,43.71965255,0,5.783244946,0,0,0,0,4.794537184,0,0,0,6.420821623,12.84164325,12.84164325,0,4.794537184,5.783244946,0,0,0,32.10410811,0,0,0,0,0,0,0,0,5.783244946,4.794537184,0,32.10410811,0,0,0,0,17.07,0,4.794537184,0,0,5.783244946,25.68328649,6.420821623,0,0,0,0,0,0,0,0,0,0,0,0,0,16.16666667,0.833333333,7,0,1,1,0,1,0,0,0,1,0,1,0,1,0,1,1,1.5196,28.092,0,0,0,0,0,0,0,0,0,0,1,1,0,0,0,0,0,0,0,0,0,0,0,0,0,0,0,0,0,0,0,0,0,0,0,0,0,0,0,0,0,0,0,0,0,0,0,0,0,0,0,1,1,0,0,0,0,0,0,0,0,0,0,0,0,0,0,0,0,0,0,0,0,0,0,0,0,0,0,0,0,0,0,0,0